location_id,location,floor,x,y,right_hex,north_hex,south_hex,west_hex,npc_schedule_posts
1,Moonglow,0,5,5,ac,4f,44,4f,5:68
1,Moonglow,0,8,5,ac,4f,44,9d,4:50
1,Moonglow,0,21,5,ac,4f,44,4f,8:70
1,Moonglow,0,24,5,ac,4f,44,ad,9:70
1,Moonglow,0,21,7,ac,44,44,4f,10:70
1,Moonglow,0,21,9,ac,44,4f,4f,6:70
1,Moonglow,0,24,9,ac,44,4f,a9,7:70
1,Moonglow,0,13,17,ac,44,4f,4f,3:40
1,Moonglow,1,10,21,ac,4f,44,44,2:54
1,Moonglow,1,19,21,ac,4f,44,4f,1:54
1,Moonglow,1,9,24,ac,44,4f,4f,11:50
1,Moonglow,1,19,24,ac,44,4f,4f,12:50
2,Britain,0,28,1,ac,4f,44,4f,
2,Britain,0,21,10,ac,44,4f,4f,
2,Britain,0,29,10,ac,44,4f,44,
2,Britain,0,23,15,ac,44,ab,4d,7:50
2,Britain,0,23,16,ac,ab,44,4d,6:50
2,Britain,1,1,1,ac,4f,44,4f,2:54
2,Britain,1,1,3,ac,44,44,4f,3:54
2,Britain,1,5,4,ac,44,4f,44,5:68
2,Britain,1,1,5,ac,44,4f,4f,4:50
2,Britain,1,21,6,ac,44,4f,4f,13:40
2,Britain,1,1,7,ac,4f,44,4f,11:70
2,Britain,1,24,8,ac,4f,44,4f,14:44
2,Britain,1,1,10,ac,44,4f,4f,12:70
2,Britain,1,5,18,ac,4f,44,44,1:54
2,Britain,1,5,21,ac,44,4f,44,8:50
2,Britain,1,5,23,ac,4f,44,44,
2,Britain,1,4,27,ac,4f,44,4f,9:70
2,Britain,1,4,30,ac,44,4f,4f,10:70
3,Jhelom,0,1,1,ac,4f,44,4f,9:40
3,Jhelom,1,15,7,ac,4f,44,4f,
3,Jhelom,1,20,7,ac,4f,44,5b,1:54
3,Jhelom,1,20,10,ac,44,4f,44,2:54
3,Jhelom,1,7,14,ac,4f,44,4f,4:50
3,Jhelom,1,7,16,ac,44,4f,4f,3:54
3,Jhelom,1,20,19,ac,4f,44,4f,5:54
3,Jhelom,1,7,20,ac,4f,44,4f,6:70
3,Jhelom,1,20,21,ac,44,4f,4f,8:5c
3,Jhelom,1,7,22,ac,44,4f,4f,7:70
3,Jhelom,1,9,22,ac,44,4f,ac,10:48
4,Yew,-1,19,22,ac,4f,44,44,
4,Yew,-1,19,24,ac,44,4f,44,
4,Yew,0,20,3,ac,4f,44,4f,10:40
4,Yew,0,25,3,ac,4e,44,85,9:48
4,Yew,0,4,14,ac,4f,44,44,
4,Yew,0,29,15,ac,44,4f,4f,7:50
4,Yew,0,1,16,ac,44,4f,4f,2:54
4,Yew,0,4,16,ac,44,4f,a9,8:50
4,Yew,0,29,17,ac,4f,44,af,4:70
4,Yew,0,29,19,ac,44,44,44,6:70
4,Yew,0,29,21,ac,44,44,44,5:70
4,Yew,0,29,23,ac,44,4f,af,20:70
4,Yew,0,28,25,ac,4f,44,4f,1:50
4,Yew,0,5,30,ac,44,4f,4f,3:50
4,Yew,0,7,30,ac,44,4f,ac,14:48
5,Minoc,0,23,4,ac,4d,44,4d,6:68
5,Minoc,0,26,4,ac,4d,44,5b,13:50
5,Minoc,0,23,6,ac,44,44,4d,8:50
5,Minoc,0,26,6,ac,44,44,44,7:50
5,Minoc,0,23,8,ac,44,4d,4d,
5,Minoc,0,26,8,ac,44,4d,44,9:6c
5,Minoc,0,4,25,ac,44,44,4f,
5,Minoc,0,7,25,ac,44,44,44,12:50
5,Minoc,0,4,27,ac,44,4f,4f,10:50
5,Minoc,0,7,27,ac,44,4f,a9,11:50
5,Minoc,1,9,11,ac,44,4f,4f,4:54
5,Minoc,1,24,23,ac,4f,44,4f,5:54
5,Minoc,1,7,25,ac,4f,44,ad,2:54
5,Minoc,1,24,25,ac,44,44,4f,1:48
5,Minoc,1,7,27,ac,44,4f,af,3:50
5,Minoc,1,26,27,ac,44,4f,44,14:70
6,Trinsic,0,22,25,ac,44,4f,4f,5:40
6,Trinsic,0,24,25,ac,44,4f,ac,6:68
6,Trinsic,0,11,30,ac,44,4f,4f,9:48
6,Trinsic,1,6,9,ac,44,4f,4f,7:70
6,Trinsic,1,8,9,ac,44,4f,ac,8:70
6,Trinsic,1,10,9,ac,44,4f,ac,1:54
6,Trinsic,1,24,10,ac,44,4f,4f,4:54
6,Trinsic,1,24,12,ac,4f,44,4f,3:48
6,Trinsic,1,24,15,ac,4f,44,4f,2:54
7,Skara_Brae,0,6,5,ac,4d,44,4d,1:54
7,Skara_Brae,0,25,9,ac,44,4f,4f,
7,Skara_Brae,0,26,24,ac,4f,44,4f,6:44
7,Skara_Brae,0,26,26,ac,44,4f,4f,
7,Skara_Brae,0,26,29,ac,44,4f,4f,3:54
7,Skara_Brae,1,21,9,ac,44,4f,4f,2:54
7,Skara_Brae,1,24,9,ac,44,4f,44,7:50
8,New_Magincia,0,4,2,ac,4d,44,4d,6:50
8,New_Magincia,0,12,3,ac,4d,44,4d,5:50
8,New_Magincia,0,28,9,ac,4d,44,4d,10:50
8,New_Magincia,0,2,10,ac,4d,44,4d,9:50
8,New_Magincia,0,28,12,ac,44,4d,4d,7:50
8,New_Magincia,0,2,13,ac,44,4d,4d,4:50
8,New_Magincia,0,9,17,ac,44,4d,4d,2:54
8,New_Magincia,0,3,28,ac,44,4d,4d,3:50
8,New_Magincia,0,28,29,ac,44,4d,4d,8:50
8,New_Magincia,1,23,21,ac,44,4f,4f,1:54
8,New_Magincia,1,27,21,ac,44,4f,4f,
9,Fogsbane,0,24,16,ac,44,44,4f,1:68
9,Fogsbane,0,24,18,ac,44,4f,4f,2:50
10,Stormcrow,0,12,8,ac,4f,44,4f,2:50
10,Stormcrow,0,12,10,ac,44,4f,4f,1:50
11,Greyhaven,0,18,9,ac,4f,44,4f,2:50
11,Greyhaven,0,20,9,ac,4f,44,ac,1:68
11,Greyhaven,0,18,11,ac,44,44,4f,3:50
11,Greyhaven,0,9,19,ac,4f,44,4f,5:48
11,Greyhaven,0,9,21,ac,44,4f,4f,4:50
12,Waveguide,0,9,11,ac,4f,44,4f,1:50
12,Waveguide,0,9,14,ac,44,4f,4f,2:50
13,Iolos_Hut,0,12,14,ac,4d,44,4d,
14,Suteks_Hut,0,12,16,ac,4d,44,4d,1:40
17,Lord_Britishs_Castle,-1,13,19,ac,44,4f,a6,
17,Lord_Britishs_Castle,-1,16,19,ac,44,4f,4f,
17,Lord_Britishs_Castle,0,9,7,ac,4f,44,9d,13:5c
17,Lord_Britishs_Castle,0,17,7,ac,4f,44,4f,1:70
17,Lord_Britishs_Castle,0,12,10,ac,44,4f,44,14:50
17,Lord_Britishs_Castle,0,17,10,ac,44,4f,4f,2:70
17,Lord_Britishs_Castle,0,9,12,ac,44,4f,5b,29:58
17,Lord_Britishs_Castle,0,20,12,ac,44,4f,4f,3:70
17,Lord_Britishs_Castle,0,22,12,ac,44,4f,ac,4:70
17,Lord_Britishs_Castle,0,22,18,ac,4f,44,af,18:68
17,Lord_Britishs_Castle,1,17,7,ac,4f,44,4f,5:70
17,Lord_Britishs_Castle,1,22,7,ac,4f,44,af,9:70
17,Lord_Britishs_Castle,1,17,9,ac,44,44,4f,6:70
17,Lord_Britishs_Castle,1,22,9,ac,44,44,af,10:70
17,Lord_Britishs_Castle,1,17,11,ac,44,44,4f,7:70
17,Lord_Britishs_Castle,1,22,11,ac,44,44,af,11:70
17,Lord_Britishs_Castle,1,17,13,ac,44,4f,4f,8:70
17,Lord_Britishs_Castle,1,22,13,ac,44,4f,af,12:70
17,Lord_Britishs_Castle,1,7,25,ac,4f,44,4f,19:50
17,Lord_Britishs_Castle,1,7,27,ac,44,4f,4f,20:68
17,Lord_Britishs_Castle,1,10,27,ac,44,4f,af,27:70
17,Lord_Britishs_Castle,2,12,18,ac,44,4f,4f,
18,Palace_of_Blackthorn,0,18,4,ac,4f,44,4f,14:70
18,Palace_of_Blackthorn,0,22,4,ac,4f,44,ad,25:50
18,Palace_of_Blackthorn,0,18,6,ac,44,44,4f,15:70
18,Palace_of_Blackthorn,0,22,6,ac,44,44,44,29:50
18,Palace_of_Blackthorn,0,19,11,ac,4f,44,4f,26:40
18,Palace_of_Blackthorn,0,5,20,ac,4f,44,4f,9:70
18,Palace_of_Blackthorn,0,7,20,ac,4f,44,ac,12:70
18,Palace_of_Blackthorn,0,10,20,ac,4f,44,ad,10:70
18,Palace_of_Blackthorn,0,19,20,ac,4f,44,4f,8:70
18,Palace_of_Blackthorn,0,22,20,ac,4f,44,ad,13:70
18,Palace_of_Blackthorn,0,24,20,ac,4f,44,ac,11:70
18,Palace_of_Blackthorn,2,11,8,ac,44,44,4f,5:78
19,West_Britanny,0,18,1,ac,4f,44,4f,5:54
19,West_Britanny,0,18,4,ac,44,4f,4f,4:70
19,West_Britanny,0,29,26,ac,4d,44,44,2:50
19,West_Britanny,0,27,28,ac,44,4d,4d,3:50
19,West_Britanny,0,4,30,ac,44,4d,96,1:50
20,North_Britanny,0,10,1,ac,4d,44,4d,1:54
20,North_Britanny,0,20,1,ac,4d,44,4d,
20,North_Britanny,0,12,5,ac,44,4d,4d,
20,North_Britanny,0,3,17,ac,4d,44,4d,4:50
20,North_Britanny,0,5,17,ac,4d,44,ac,5:50
20,North_Britanny,0,3,21,ac,44,4d,4d,7:68
20,North_Britanny,0,5,21,ac,44,4d,ac,6:54
20,North_Britanny,0,27,25,ac,4d,44,4d,2:50
20,North_Britanny,0,27,29,ac,44,4d,4d,3:50
21,East_Britanny,0,26,3,ac,4d,44,4d,3:50
21,East_Britanny,0,28,3,ac,4d,44,ac,8:70
21,East_Britanny,0,26,9,ac,44,4d,4d,4:50
21,East_Britanny,0,28,9,ac,44,4d,ac,5:68
21,East_Britanny,0,23,23,ac,44,44,4f,6:48
21,East_Britanny,0,3,24,ac,4d,44,4d,1:54
21,East_Britanny,0,23,25,ac,44,44,4f,7:44
21,East_Britanny,0,3,26,ac,44,4d,4d,2:54
21,East_Britanny,0,23,27,ac,44,4f,4f,
22,Paws,0,22,6,ac,4f,44,4f,6:40
22,Paws,0,27,6,ac,4f,44,4f,
22,Paws,0,3,8,ac,44,4f,4f,1:54
22,Paws,0,22,9,ac,4f,44,4f,5:50
22,Paws,0,27,9,ac,4f,44,4f,2:54
22,Paws,0,3,16,ac,4f,44,4f,4:54
22,Paws,0,23,19,ac,4f,44,4f,3:54
23,Cove,0,3,20,ac,4f,44,4f,3:6c
23,Cove,0,6,20,ac,4f,44,ad,4:6c
23,Cove,0,23,20,ac,4f,44,4f,5:50
23,Cove,0,27,20,ac,4f,44,af,6:50
23,Cove,0,3,22,ac,44,4f,4f,1:54
23,Cove,0,6,22,ac,44,5a,44,2:54
23,Cove,0,23,22,ac,44,4f,4f,
23,Cove,0,27,22,ac,44,4f,44,7:48
24,Buccaneers_Den,0,25,11,ac,44,4f,4f,3:54
24,Buccaneers_Den,0,25,13,ac,4f,44,4f,2:54
24,Buccaneers_Den,0,1,16,ac,4f,44,4f,4:54
24,Buccaneers_Den,0,1,18,ac,44,44,4f,5:54
24,Buccaneers_Den,0,1,20,ac,44,4f,4f,7:5c
24,Buccaneers_Den,0,1,23,ac,44,4f,4f,6:48
24,Buccaneers_Den,0,1,26,ac,44,44,4f,9:44
24,Buccaneers_Den,0,4,26,ac,44,44,44,10:48
24,Buccaneers_Den,0,7,26,ac,44,44,44,
24,Buccaneers_Den,0,1,28,ac,44,4f,4f,8:44
24,Buccaneers_Den,0,4,28,ac,44,4f,44,11:44
24,Buccaneers_Den,0,7,28,ac,44,4f,44,12:48
24,Buccaneers_Den,0,28,28,ac,44,4f,af,1:54
25,Ararat,0,24,18,ac,44,fe,44,1:40
26,Bordermarch,0,7,18,ac,44,ab,4f,2:50
26,Bordermarch,0,7,19,ac,ab,44,4f,1:50
26,Bordermarch,0,19,20,ac,44,4f,4f,5:48
26,Bordermarch,0,22,20,ac,44,4f,a9,3:54
27,Farthing,0,13,2,ac,4f,44,4f,1:50
27,Farthing,0,4,7,ac,4f,44,4f,6:70
27,Farthing,0,4,9,ac,44,44,4f,5:70
27,Farthing,0,4,11,ac,44,4f,4f,4:50
27,Farthing,0,4,13,ac,4f,44,4f,3:68
27,Farthing,0,4,15,ac,44,4f,4f,2:40
28,Windemere,0,7,23,ac,44,4f,4f,1:48
28,Windemere,0,10,23,ac,44,4f,44,2:40
30,Lycaeum,0,7,17,ac,4f,44,4f,4:70
30,Lycaeum,0,7,19,ac,44,44,4f,3:70
30,Lycaeum,0,7,21,ac,44,44,4f,2:70
30,Lycaeum,0,7,23,ac,44,4f,4f,1:70
30,Lycaeum,1,22,7,ac,4f,44,44,16:50
30,Lycaeum,1,22,9,ac,44,44,44,17:50
30,Lycaeum,1,22,11,ac,44,4f,44,19:40
30,Lycaeum,1,22,17,ac,4f,44,af,8:50
30,Lycaeum,1,7,19,ac,44,4f,4f,7:50
30,Lycaeum,1,22,19,ac,44,4f,af,9:50
30,Lycaeum,1,7,21,ac,4f,44,4f,10:54
30,Lycaeum,1,7,23,ac,44,4f,4f,11:54
30,Lycaeum,1,9,23,ac,44,4f,ac,12:54
30,Lycaeum,1,21,23,ac,44,4f,44,18:50
30,Lycaeum,2,22,7,ac,4f,44,9d,5:40
30,Lycaeum,2,22,9,ac,44,44,44,6:40
30,Lycaeum,2,7,19,ac,44,44,4f,13:70
30,Lycaeum,2,7,21,ac,44,44,4f,14:70
30,Lycaeum,2,7,23,ac,44,4f,4f,15:70
31,Empath_Abbey,0,9,3,ac,4f,44,4f,7:50
31,Empath_Abbey,0,9,5,ac,44,44,4f,8:50
31,Empath_Abbey,0,3,6,ac,4f,44,4f,3:70
31,Empath_Abbey,0,6,6,ac,4f,44,44,4:70
31,Empath_Abbey,0,9,7,ac,44,4f,4f,
31,Empath_Abbey,0,3,8,ac,44,44,4f,5:70
31,Empath_Abbey,0,6,8,ac,44,44,44,6:70
31,Empath_Abbey,0,3,10,ac,44,44,4f,1:70
31,Empath_Abbey,0,6,10,ac,44,44,44,2:70
31,Empath_Abbey,0,26,18,ac,4f,44,a9,11:50
31,Empath_Abbey,0,3,20,ac,44,4f,4f,15:44
31,Empath_Abbey,0,3,24,ac,44,4f,4f,9:54
31,Empath_Abbey,0,26,24,ac,44,4f,44,12:58
31,Empath_Abbey,1,3,8,ac,44,44,4f,10:50
31,Empath_Abbey,1,3,24,ac,44,4f,4f,14:44
31,Empath_Abbey,1,26,24,ac,44,4f,af,13:50
31,Empath_Abbey,1,9,27,ac,44,4f,af,16:44
32,Serpents_Hold,0,6,4,ac,4f,44,4f,7:70
32,Serpents_Hold,0,9,4,ac,4f,44,44,8:70
32,Serpents_Hold,0,6,6,ac,44,44,4f,5:70
32,Serpents_Hold,0,9,6,ac,44,44,44,6:70
32,Serpents_Hold,0,6,8,ac,44,44,4f,3:70
32,Serpents_Hold,0,9,8,ac,44,44,44,4:70
32,Serpents_Hold,0,6,10,ac,44,44,4f,1:70
32,Serpents_Hold,0,9,10,ac,44,44,44,2:70
32,Serpents_Hold,0,20,18,ac,4f,44,4f,19:48
32,Serpents_Hold,0,23,18,ac,4f,44,44,18:50
32,Serpents_Hold,0,20,21,ac,44,4f,4f,10:54
32,Serpents_Hold,0,23,21,ac,44,4f,a9,17:50
32,Serpents_Hold,1,22,10,ac,4f,44,4f,12:70
32,Serpents_Hold,1,25,10,ac,4f,44,44,13:70
32,Serpents_Hold,1,22,12,ac,44,44,4f,14:70
32,Serpents_Hold,1,25,12,ac,44,44,44,15:70
32,Serpents_Hold,1,22,22,ac,44,4f,4f,16:48
32,Serpents_Hold,1,8,27,ac,44,4f,44,11:50
